feature,importance
P,0.6651688231043447
label_chickpea,0.03617652038086354
N,0.004494586393534019
K,0.003699613252303161
rainfall,1.2065701130276237e-05
temperature,1.0713589696843206e-05
ph,6.157121085618467e-06
humidity,5.90606848801083e-06
label_cotton,1.2323695423454752e-06
label_rice,1.2000435037716297e-06
label_maize,1.1980102697360306e-06
soil_type_loamy,0.0
